name,state
Food Handling Certificate (Level 1),ACT
Food Handling Certificate (Level 2),ACT
Food Safety Supervisor (Level 1),ACT
Food Safety Supervisor (Level 2),ACT
Responsible Service of Alcohol,ACT
Food Handling Certificate (Level 1),NSW
Food Handling Certificate (Level 2),NSW
Food Safety Supervisor (Level 1),NSW
Food Safety Supervisor (Level 2),NSW
Responsible Service of Alcohol,NSW
Food Handling Certificate (Level 1),NT
Food Handling Certificate (Level 2),NT
Food Safety Supervisor (Level 1),NT
Food Safety Supervisor (Level 2),NT
Responsible Service of Alcohol,NT
Food Handling Certificate (Level 1),QLD
Food Handling Certificate (Level 2),QLD
Food Safety Supervisor (Level 1),QLD
Food Safety Supervisor (Level 2),QLD
Responsible Service of Alcohol,QLD
Food Handling Certificate (Level 1),SA
Food Handling Certificate (Level 2),SA
Food Safety Supervisor (Level 1),SA
Food Safety Supervisor (Level 2),SA
Responsible Service of Alcohol,SA
Food Handling Certificate (Level 1),TAS
Food Handling Certificate (Level 2),TAS
Food Safety Supervisor (Level 1),TAS
Food Safety Supervisor (Level 2),TAS
Responsible Service of Alcohol,TAS
Food Handling Certificate (Level 1),VIC
Food Handling Certificate (Level 2),VIC
Food Safety Supervisor (Level 1),VIC
Food Safety Supervisor (Level 2),VIC
Responsible Service of Alcohol,VIC
Food Handling Certificate (Level 1),WA
Food Handling Certificate (Level 2),WA
Food Safety Supervisor (Level 1),WA
Food Safety Supervisor (Level 2),WA
Responsible Service of Alcohol,WA
